{"input_data": {"columns": ["PatientID", "Pregnancies", "PlasmaGlucose", "DiastolicBloodPressure", "TricepsThickness", "SerumInsulin", "BMI", "DiabetesPedigree", "Age"], "index": [[0, 1, 2, 3, 4, 5]], "data": [[1354778.0, 0.0, 171.0, 80.0, 34.0, 23.0, 43.50972593, 1.213191354, 21.0], [1147438.0, 8.0, 92.0, 93.0, 47.0, 36.0, 21.24057571, 0.158364981, 23.0], [1640031.0, 7.0, 115.0, 47.0, 52.0, 35.0, 41.51152348, 0.079018568, 23.0], [1883350.0, 9.0, 103.0, 78.0, 25.0, 304.0, 29.58219193, 1.282869847, 43.0], [1424119.0, 1.0, 85.0, 59.0, 27.0, 35.0, 42.60453585, 0.549541871, 22.0], [1619297.0, 0.0, 82.0, 92.0, 9.0, 253.0, 19.72416021, 0.103424498, 26.0]]}}